date,energy,impact-e,lat,lat-dir,lon,lon-dir,alt,vel,year,legend
2017-07-13 09:30:36,7.3,0.23,23.1,N,60.7,E,35.0,13.7,2017,"Location: N/A,N/A<br><10 kt<br>2017-07-13 09:30:36"
2017-06-30 14:26:45,9.4,0.29,-34.3,S,134.5,E,20.0,15.2,2017,"Location: N/A,AU<br><10 kt<br>2017-06-30 14:26:45"
2017-06-23 20:21:55,18.4,0.52,57.0,N,143.7,E,35.1,24.3,2017,"Location: N/A,RU<br><10 kt<br>2017-06-23 20:21:55"
2017-06-20 13:41:32,63.6,1.6,-54.2,S,133.0,E,33.3,13.6,2017,"Location: N/A,N/A<br><10 kt<br>2017-06-20 13:41:32"
2017-05-24 07:03:03,9.0,0.28,-9.1,S,101.8,E,46.0,18.4,2017,"Location: N/A,N/A<br><10 kt<br>2017-05-24 07:03:03"
2017-05-22 17:44:39,3.5,0.12,-49.6,S,-157.6,W,33.0,,2017,"Location: N/A,N/A<br><10 kt<br>2017-05-22 17:44:39"
2017-05-14 09:30:35,3.5,0.12,-26.0,S,32.4,E,33.0,,2017,"Location: Belo Horizonte,MZ<br><10 kt<br>2017-05-14 09:30:35"
2017-04-30 21:28:28,15.0,0.43,-25.7,S,56.2,E,32.4,21.5,2017,"Location: N/A,N/A<br><10 kt<br>2017-04-30 21:28:28"
2017-03-11 04:51:21,126.3,2.9,28.3,N,-60.2,W,28.0,,2017,"Location: N/A,N/A<br><10 kt<br>2017-03-11 04:51:21"
2017-03-09 04:16:37,40.0,1.0,40.5,N,-18.0,W,23.0,36.5,2017,"Location: N/A,N/A<br><10 kt<br>2017-03-09 04:16:37"
2017-03-08 22:21:59,7.2,0.23,-26.1,S,174.9,E,37.0,,2017,"Location: N/A,N/A<br><10 kt<br>2017-03-08 22:21:59"
2017-02-25 01:22:59,6.5,0.21,29.5,N,13.5,E,25.4,12.2,2017,"Location: N/A,LY<br><10 kt<br>2017-02-25 01:22:59"
2017-02-21 18:47:30,3.8,0.13,-50.7,S,-66.0,W,,,2017,"Location: N/A,N/A<br><10 kt<br>2017-02-21 18:47:30"
2017-02-18 19:48:29,29.5,0.79,6.2,N,60.4,E,38.0,24.2,2017,"Location: N/A,N/A<br><10 kt<br>2017-02-18 19:48:29"
2017-02-07 17:37:31,2.0,73.0,-27.4,S,-14.8,W,54.0,,2017,"Location: N/A,N/A<br>73.0 kt<br>2017-02-07 17:37:31"
2017-02-06 06:09:59,6.6,0.21,10.4,N,131.6,E,33.5,,2017,"Location: N/A,N/A<br><10 kt<br>2017-02-06 06:09:59"
2016-12-23 03:29:09,3.8,0.13,21.3,N,49.3,E,42.0,29.7,2016,"Location: N/A,SA<br><10 kt<br>2016-12-23 03:29:09"
2016-12-07 04:51:39,11.7,0.35,-34.5,S,-126.6,W,,,2016,"Location: N/A,N/A<br><10 kt<br>2016-12-07 04:51:39"
2016-11-29 08:05:38,3.1,0.11,-30.6,S,-93.1,W,,,2016,"Location: N/A,N/A<br><10 kt<br>2016-11-29 08:05:38"
2016-11-24 14:10:34,13.8,0.4,-15.2,S,80.3,E,30.6,17.4,2016,"Location: N/A,N/A<br><10 kt<br>2016-11-24 14:10:34"
2016-11-03 17:14:29,7.6,0.24,-39.6,S,-16.3,W,37.0,,2016,"Location: N/A,N/A<br><10 kt<br>2016-11-03 17:14:29"
2016-10-01 20:23:45,3.1,0.11,36.2,N,6.7,E,27.8,14.2,2016,"Location: N/A,DZ<br><10 kt<br>2016-10-01 20:23:45"
2016-09-22 04:57:49,7.1,0.22,-51.8,S,178.5,E,40.0,17.5,2016,"Location: N/A,N/A<br><10 kt<br>2016-09-22 04:57:49"
2016-09-14 15:01:51,7.6,0.24,-3.5,S,44.6,E,54.0,18.3,2016,"Location: N/A,N/A<br><10 kt<br>2016-09-14 15:01:51"
2016-08-27 21:45:13,14.2,0.41,-56.9,S,162.2,E,42.0,,2016,"Location: N/A,N/A<br><10 kt<br>2016-08-27 21:45:13"
2016-08-11 05:59:58,18.4,0.52,-43.7,S,53.8,E,34.3,14.9,2016,"Location: N/A,N/A<br><10 kt<br>2016-08-11 05:59:58"
2016-08-05 18:02:44,12.1,0.36,46.4,N,171.6,E,32.4,,2016,"Location: N/A,N/A<br><10 kt<br>2016-08-05 18:02:44"
2016-07-21 00:48:53,4.5,0.15,7.8,N,-1.6,W,37.0,,2016,"Location: N/A,GH<br><10 kt<br>2016-07-21 00:48:53"
2016-07-05 01:24:26,15.3,0.44,1.0,N,48.6,E,38.2,25.1,2016,"Location: N/A,N/A<br><10 kt<br>2016-07-05 01:24:26"
2016-06-27 10:02:42,45.8,1.2,15.8,N,-11.9,W,33.3,29.1,2016,"Location: N/A,MR<br><10 kt<br>2016-06-27 10:02:42"
2016-06-05 06:12:55,33.1,0.87,-17.4,S,138.3,E,28.7,14.5,2016,"Location: Nicholson,AU<br><10 kt<br>2016-06-05 06:12:55"
2016-06-02 10:56:32,17.2,0.49,33.8,N,-110.9,W,,,2016,"Location: Young,US<br><10 kt<br>2016-06-02 10:56:32"
2016-05-29 12:14:55,6.9,0.22,10.2,N,-48.8,W,32.0,,2016,"Location: N/A,N/A<br><10 kt<br>2016-05-29 12:14:55"
2016-05-20 11:59:46,2.0,73.0,-32.8,S,15.1,E,30.6,20.8,2016,"Location: N/A,N/A<br>73.0 kt<br>2016-05-20 11:59:46"
2016-05-16 10:09:41,51.9,1.3,3.2,N,6.6,E,41.7,12.2,2016,"Location: N/A,N/A<br><10 kt<br>2016-05-16 10:09:41"
2016-05-13 00:34:01,10.1,0.31,26.2,N,-122.3,W,33.0,,2016,"Location: N/A,N/A<br><10 kt<br>2016-05-13 00:34:01"
2016-04-24 05:39:24,14.6,0.42,9.8,N,-42.8,W,50.0,,2016,"Location: N/A,N/A<br><10 kt<br>2016-04-24 05:39:24"
2016-04-18 11:59:10,22.4,0.62,20.7,N,-14.5,W,31.5,17.1,2016,"Location: N/A,MR<br><10 kt<br>2016-04-18 11:59:10"
2016-04-12 09:51:40,2.0,73.0,38.3,N,162.2,E,,,2016,"Location: N/A,N/A<br>73.0 kt<br>2016-04-12 09:51:40"
2016-04-10 14:57:53,65.5,1.6,22.0,N,149.0,E,35.2,15.1,2016,"Location: N/A,N/A<br><10 kt<br>2016-04-10 14:57:53"
2016-03-16 23:54:20,3.2,0.11,-49.2,S,-6.3,W,42.0,13.3,2016,"Location: N/A,N/A<br><10 kt<br>2016-03-16 23:54:20"
2016-03-03 01:32:43,5.8,0.19,-48.0,S,51.0,E,31.8,11.7,2016,"Location: N/A,N/A<br><10 kt<br>2016-03-03 01:32:43"
2016-02-23 03:59:13,3.5,0.12,32.3,N,67.2,E,44.0,17.9,2016,"Location: N/A,AF<br><10 kt<br>2016-02-23 03:59:13"
2016-02-21 05:58:53,36.9,0.96,36.5,N,-37.2,W,32.0,,2016,"Location: N/A,N/A<br><10 kt<br>2016-02-21 05:58:53"
2016-02-19 08:15:02,20.2,0.56,0.7,N,-11.6,W,39.4,15.5,2016,"Location: N/A,N/A<br><10 kt<br>2016-02-19 08:15:02"
2016-02-06 13:55:09,685.3,13.0,-30.4,S,-25.5,W,31.0,15.6,2016,"Location: N/A,N/A<br>13.0 kt<br>2016-02-06 13:55:09"
2016-01-27 09:59:16,5.0,0.16,-45.8,S,53.6,E,37.0,11.5,2016,"Location: N/A,N/A<br><10 kt<br>2016-01-27 09:59:16"
2016-01-21 16:44:54,4.6,0.15,-10.8,S,0.7,E,42.5,18.1,2016,"Location: N/A,N/A<br><10 kt<br>2016-01-21 16:44:54"
2015-12-30 13:07:50,2.2,79.0,33.8,N,-160.7,W,39.0,,2015,"Location: N/A,N/A<br>79.0 kt<br>2015-12-30 13:07:50"
2015-12-21 02:32:48,8.3,0.26,5.9,N,143.0,E,42.2,12.1,2015,"Location: N/A,N/A<br><10 kt<br>2015-12-21 02:32:48"
2015-12-08 00:34:23,19.7,0.55,-69.9,S,150.5,E,38.0,,2015,"Location: N/A,AQ<br><10 kt<br>2015-12-08 00:34:23"
2015-11-13 14:59:27,10.2,0.31,16.0,N,124.3,E,28.0,,2015,"Location: N/A,N/A<br><10 kt<br>2015-11-13 14:59:27"
2015-11-02 21:34:20,7.8,0.24,-41.4,S,33.0,E,37.0,,2015,"Location: N/A,N/A<br><10 kt<br>2015-11-02 21:34:20"
2015-10-31 11:34:30,9.7,0.29,9.0,N,-138.0,W,71.0,,2015,"Location: N/A,N/A<br><10 kt<br>2015-10-31 11:34:30"
2015-10-13 12:23:08,2.3,82.0,-8.0,S,-52.5,W,38.9,12.9,2015,"Location: N/A,BR<br>82.0 kt<br>2015-10-13 12:23:08"
2015-10-11 00:07:46,3.0,0.1,-55.4,S,-18.8,W,,,2015,"Location: N/A,N/A<br><10 kt<br>2015-10-11 00:07:46"
2015-10-10 09:57:51,3.6,0.12,-51.0,S,-21.1,W,51.8,11.8,2015,"Location: N/A,N/A<br><10 kt<br>2015-10-10 09:57:51"
2015-10-04 21:02:17,4.4,0.15,22.0,N,-171.6,W,36.1,,2015,"Location: N/A,N/A<br><10 kt<br>2015-10-04 21:02:17"
2015-09-17 21:03:14,9.8,0.3,-43.1,S,94.9,E,,,2015,"Location: N/A,N/A<br><10 kt<br>2015-09-17 21:03:14"
2015-09-14 23:50:50,7.0,0.22,5.8,N,-15.2,W,,,2015,"Location: N/A,N/A<br><10 kt<br>2015-09-14 23:50:50"
2015-09-08 13:46:42,2.0,73.0,6.3,N,29.9,E,44.4,16.1,2015,"Location: N/A,SS<br>73.0 kt<br>2015-09-08 13:46:42"
2015-09-07 01:41:19,179.8,3.9,14.5,N,98.9,E,29.3,21.0,2015,"Location: Tambon Sai Yok,TH<br><10 kt<br>2015-09-07 01:41:19"
2015-09-02 20:10:30,3.7,0.13,39.1,N,40.2,E,39.8,24.1,2015,"Location: N/A,TR<br><10 kt<br>2015-09-02 20:10:30"
2015-07-19 07:06:26,2.3,82.0,20.6,N,-87.6,W,22.0,17.8,2015,"Location: N/A,MX<br>82.0 kt<br>2015-07-19 07:06:26"
2015-07-12 22:23:14,2.2,79.0,31.0,N,159.6,E,41.0,,2015,"Location: N/A,N/A<br>79.0 kt<br>2015-07-12 22:23:14"
2015-07-04 01:40:11,5.6,0.18,38.6,N,103.1,E,46.3,49.0,2015,"Location: Wuwei Shi,CN<br><10 kt<br>2015-07-04 01:40:11"
2015-06-14 03:03:06,7.1,0.22,6.3,N,124.1,E,32.4,31.9,2015,"Location: Palimbang,PH<br><10 kt<br>2015-06-14 03:03:06"
2015-06-12 17:03:35,17.6,0.5,-1.3,S,-32.1,W,43.5,,2015,"Location: N/A,N/A<br><10 kt<br>2015-06-12 17:03:35"
2015-06-10 17:43:03,38.4,1.0,-11.5,S,-161.9,W,61.1,,2015,"Location: N/A,CK<br><10 kt<br>2015-06-10 17:43:03"
2015-06-02 08:44:50,38.0,0.99,-6.4,S,-142.7,W,,,2015,"Location: N/A,N/A<br><10 kt<br>2015-06-02 08:44:50"
2015-05-20 10:20:41,3.6,0.12,1.0,N,172.6,E,32.4,,2015,"Location: N/A,KI<br><10 kt<br>2015-05-20 10:20:41"
2015-05-18 17:13:51,4.3,0.14,32.4,N,139.1,E,29.0,,2015,"Location: N/A,N/A<br><10 kt<br>2015-05-18 17:13:51"
2015-05-10 07:45:01,14.3,0.42,-46.3,S,-179.3,W,29.6,12.2,2015,"Location: N/A,N/A<br><10 kt<br>2015-05-10 07:45:01"
2015-05-07 20:34:34,5.2,0.17,-21.5,S,-29.3,W,37.0,17.3,2015,"Location: N/A,N/A<br><10 kt<br>2015-05-07 20:34:34"
2015-04-30 10:21:01,10.5,0.32,-48.7,S,139.1,E,26.7,12.9,2015,"Location: N/A,N/A<br><10 kt<br>2015-04-30 10:21:01"
2015-04-21 01:42:51,8.8,0.27,37.7,N,-39.6,W,37.4,21.3,2015,"Location: N/A,N/A<br><10 kt<br>2015-04-21 01:42:51"
2015-04-10 01:14:27,6.5,0.21,-42.8,S,8.2,E,,,2015,"Location: N/A,N/A<br><10 kt<br>2015-04-10 01:14:27"
2015-04-08 04:06:31,17.3,0.49,-25.5,S,51.5,E,36.3,19.2,2015,"Location: N/A,N/A<br><10 kt<br>2015-04-08 04:06:31"
2015-04-03 01:39:38,4.2,0.14,8.4,N,-157.9,W,,,2015,"Location: N/A,N/A<br><10 kt<br>2015-04-03 01:39:38"
2015-03-30 21:33:52,6.4,0.2,-36.1,S,-5.5,W,33.1,13.8,2015,"Location: N/A,N/A<br><10 kt<br>2015-03-30 21:33:52"
2015-03-18 00:04:50,12.1,0.36,-5.4,S,159.3,E,50.0,,2015,"Location: N/A,N/A<br><10 kt<br>2015-03-18 00:04:50"
2015-03-11 06:18:59,7.2,0.23,8.0,N,119.1,E,35.2,19.9,2015,"Location: N/A,PH<br><10 kt<br>2015-03-11 06:18:59"
2015-03-08 04:26:28,2.0,73.0,-39.1,S,-118.6,W,,,2015,"Location: N/A,N/A<br>73.0 kt<br>2015-03-08 04:26:28"
2015-03-04 04:30:05,5.5,0.18,-15.9,S,88.1,E,39.8,18.0,2015,"Location: N/A,N/A<br><10 kt<br>2015-03-04 04:30:05"
2015-02-26 22:06:24,18.8,0.53,68.0,N,-149.0,W,33.7,21.1,2015,"Location: Fairbanks,US<br><10 kt<br>2015-02-26 22:06:24"
2015-02-25 10:53:24,5.8,0.19,12.4,N,-122.4,W,42.0,,2015,"Location: N/A,N/A<br><10 kt<br>2015-02-25 10:53:24"
2015-02-17 13:19:50,3.3,0.11,-8.0,S,-11.2,W,39.0,28.8,2015,"Location: N/A,N/A<br><10 kt<br>2015-02-17 13:19:50"
2015-01-09 17:31:47,2.2,79.0,-23.3,S,-49.2,W,,,2015,"Location: N/A,BR<br>79.0 kt<br>2015-01-09 17:31:47"
2015-01-09 10:41:11,13.9,0.41,2.0,N,28.8,E,36.0,17.5,2015,"Location: N/A,CD<br><10 kt<br>2015-01-09 10:41:11"
2015-01-07 01:05:59,13.6,0.4,45.7,N,26.9,E,45.5,35.7,2015,"Location: N/A,RO<br><10 kt<br>2015-01-07 01:05:59"
2015-01-02 13:39:19,2.0,73.0,-31.1,S,140.0,E,38.1,18.1,2015,"Location: Frome Downs,AU<br>73.0 kt<br>2015-01-02 13:39:19"
2014-12-13 02:53:52,4.4,0.15,86.7,N,-162.1,W,30.7,21.7,2014,"Location: N/A,N/A<br><10 kt<br>2014-12-13 02:53:52"
2014-12-12 06:48:11,3.3,0.11,33.5,N,144.9,E,26.3,12.0,2014,"Location: N/A,N/A<br><10 kt<br>2014-12-12 06:48:11"
2014-12-09 21:19:18,7.8,0.24,76.6,N,96.3,E,26.3,,2014,"Location: N/A,RU<br><10 kt<br>2014-12-09 21:19:18"
2014-11-28 11:47:18,70.0,1.7,-45.8,S,-172.7,W,26.1,13.4,2014,"Location: N/A,N/A<br><10 kt<br>2014-11-28 11:47:18"
2014-11-27 12:12:52,5.5,0.18,-18.8,S,-73.4,W,38.0,,2014,"Location: N/A,N/A<br><10 kt<br>2014-11-27 12:12:52"
2014-11-26 23:16:51,11.8,0.35,-69.5,S,-179.7,W,23.3,25.3,2014,"Location: N/A,N/A<br><10 kt<br>2014-11-26 23:16:51"
2014-11-26 17:40:16,10.5,0.32,-68.2,S,-24.0,W,37.0,19.9,2014,"Location: N/A,N/A<br><10 kt<br>2014-11-26 17:40:16"
2014-11-04 20:13:30,15.6,0.45,43.1,N,115.8,E,22.2,16.0,2014,"Location: Xilin Gol,CN<br><10 kt<br>2014-11-04 20:13:30"
2014-10-21 18:55:37,3.4,0.12,22.2,N,-132.9,W,,,2014,"Location: N/A,N/A<br><10 kt<br>2014-10-21 18:55:37"
2014-10-17 14:07:36,7.2,0.23,-4.6,S,-66.3,W,39.0,,2014,"Location: N/A,BR<br><10 kt<br>2014-10-17 14:07:36"
2014-10-14 10:25:03,2.9,0.1,-2.0,S,119.2,E,27.2,16.9,2014,"Location: N/A,ID<br><10 kt<br>2014-10-14 10:25:03"
2014-10-06 20:02:15,3.9,0.13,-43.7,S,85.7,E,,,2014,"Location: N/A,N/A<br><10 kt<br>2014-10-06 20:02:15"
2014-09-09 18:55:46,2.8,98.0,3.2,N,137.2,E,32.5,,2014,"Location: N/A,N/A<br>98.0 kt<br>2014-09-09 18:55:46"
2014-09-05 21:37:26,3.5,0.12,22.7,N,-150.0,W,,,2014,"Location: N/A,N/A<br><10 kt<br>2014-09-05 21:37:26"
2014-08-29 23:15:39,2.6,92.0,-6.2,S,-49.9,W,,,2014,"Location: N/A,BR<br>92.0 kt<br>2014-08-29 23:15:39"
2014-08-28 03:07:45,3.4,0.12,3.2,N,-45.4,W,,,2014,"Location: N/A,N/A<br><10 kt<br>2014-08-28 03:07:45"
2014-08-23 06:29:41,381.9,7.6,-61.7,S,132.6,E,22.2,16.2,2014,"Location: N/A,N/A<br><10 kt<br>2014-08-23 06:29:41"
2014-07-29 07:38:07,7.3,0.23,-49.2,S,-172.2,W,,,2014,"Location: N/A,N/A<br><10 kt<br>2014-07-29 07:38:07"
2014-07-29 03:07:43,5.3,0.17,-33.9,S,-115.9,W,,,2014,"Location: N/A,N/A<br><10 kt<br>2014-07-29 03:07:43"
2014-06-28 02:40:07,24.5,0.67,18.9,N,141.2,E,26.3,12.4,2014,"Location: N/A,N/A<br><10 kt<br>2014-06-28 02:40:07"
2014-06-26 05:54:41,6.1,0.2,-71.5,S,93.4,E,28.5,11.2,2014,"Location: N/A,AQ<br><10 kt<br>2014-06-26 05:54:41"
2014-05-29 01:12:36,5.8,0.19,21.9,N,-131.1,W,28.7,,2014,"Location: N/A,N/A<br><10 kt<br>2014-05-29 01:12:36"
2014-05-16 20:06:28,13.6,0.4,-39.4,S,-95.9,W,30.8,18.0,2014,"Location: N/A,N/A<br><10 kt<br>2014-05-16 20:06:28"
2014-05-16 12:42:48,30.9,0.82,-44.2,S,-176.2,W,44.0,16.5,2014,"Location: N/A,NZ<br><10 kt<br>2014-05-16 12:42:48"
2014-05-08 19:42:37,105.0,2.4,-36.9,S,87.3,E,35.4,19.0,2014,"Location: N/A,N/A<br><10 kt<br>2014-05-08 19:42:37"
2014-03-29 13:45:41,3.9,0.13,-28.7,S,121.5,E,30.7,16.3,2014,"Location: Leonora,AU<br><10 kt<br>2014-03-29 13:45:41"
2014-03-18 11:02:37,54.0,1.3,0.0,N,-111.8,W,30.5,,2014,"Location: N/A,N/A<br><10 kt<br>2014-03-18 11:02:37"
2014-03-03 15:00:21,9.4,0.29,-29.0,S,-94.9,W,,,2014,"Location: N/A,N/A<br><10 kt<br>2014-03-03 15:00:21"
2014-02-18 12:50:44,2.6,92.0,-32.8,S,-61.5,W,,,2014,"Location: N/A,AR<br>92.0 kt<br>2014-02-18 12:50:44"
2014-02-13 06:47:42,63.0,1.5,13.3,N,-110.7,W,25.0,,2014,"Location: N/A,N/A<br><10 kt<br>2014-02-13 06:47:42"
2014-01-15 02:46:19,14.0,0.41,-18.5,S,141.8,E,29.6,,2014,"Location: Croydon,AU<br><10 kt<br>2014-01-15 02:46:19"
2014-01-12 16:00:48,7.8,0.24,2.9,N,64.4,E,37.0,16.2,2014,"Location: N/A,N/A<br><10 kt<br>2014-01-12 16:00:48"
2014-01-08 17:05:34,3.1,0.11,-1.3,S,147.6,E,18.7,44.8,2014,"Location: N/A,PG<br><10 kt<br>2014-01-08 17:05:34"
2013-12-23 08:30:57,14.7,0.43,39.5,N,2.0,E,34.3,15.1,2013,"Location: N/A,ES<br><10 kt<br>2013-12-23 08:30:57"
2013-12-08 03:10:09,6.4,0.2,32.8,N,-165.1,W,23.5,11.8,2013,"Location: N/A,N/A<br><10 kt<br>2013-12-08 03:10:09"
2013-11-21 01:50:35,7.5,0.23,44.7,N,35.3,E,59.3,12.4,2013,"Location: N/A,N/A<br><10 kt<br>2013-11-21 01:50:35"
2013-10-12 16:06:45,161.0,3.5,-19.1,S,-25.0,W,22.2,12.8,2013,"Location: N/A,N/A<br><10 kt<br>2013-10-12 16:06:45"
2013-09-24 15:31:16,16.0,0.46,-10.3,S,-164.7,W,40.7,,2013,"Location: N/A,CK<br><10 kt<br>2013-09-24 15:31:16"
2013-08-12 18:08:02,4.4,0.15,-34.4,S,118.2,E,66.6,,2013,"Location: Stirling Range National Park,AU<br><10 kt<br>2013-08-12 18:08:02"
2013-07-31 03:50:14,6.9,0.22,-31.8,S,137.1,E,29.1,17.8,2013,"Location: Oakden Hills,AU<br><10 kt<br>2013-07-31 03:50:14"
2013-07-30 02:36:58,39.0,1.0,-50.2,S,90.2,E,25.6,18.8,2013,"Location: N/A,N/A<br><10 kt<br>2013-07-30 02:36:58"
2013-07-27 08:30:36,12.0,0.36,0.3,N,156.2,E,26.5,22.1,2013,"Location: N/A,N/A<br><10 kt<br>2013-07-27 08:30:36"
2013-07-26 11:32:26,2.0,73.0,21.0,N,-178.5,W,37.0,,2013,"Location: N/A,N/A<br>73.0 kt<br>2013-07-26 11:32:26"
2013-06-01 22:49:48,3.4,0.12,-65.6,S,138.4,E,28.9,,2013,"Location: N/A,AQ<br><10 kt<br>2013-06-01 22:49:48"
2013-05-14 23:20:21,2.0,73.0,-3.0,S,76.4,E,,,2013,"Location: N/A,N/A<br>73.0 kt<br>2013-05-14 23:20:21"
2013-04-30 08:40:38,511.0,10.0,35.5,N,-30.7,W,21.2,12.1,2013,"Location: N/A,N/A<br>10.0 kt<br>2013-04-30 08:40:38"
2013-04-21 06:23:12,106.6,2.5,-28.1,S,-64.6,W,40.7,14.9,2013,"Location: N/A,AR<br><10 kt<br>2013-04-21 06:23:12"
2013-03-12 10:32:59,2.9,0.1,-32.7,S,17.1,E,26.0,,2013,"Location: N/A,N/A<br><10 kt<br>2013-03-12 10:32:59"
2013-02-20 13:13:07,3.2,0.1,-23.0,S,-38.8,W,,13.6,2013,"Location: N/A,N/A<br><10 kt<br>2013-02-20 13:13:07"
2013-02-15 03:20:33,37500.0,440.0,54.8,N,61.1,E,23.3,18.6,2013,"Location: Tayandy,RU<br>440.0 kt<br>2013-02-15 03:20:33"
2013-02-07 13:12:24,6.5,0.21,-18.8,S,-158.6,W,,,2013,"Location: N/A,CK<br><10 kt<br>2013-02-07 13:12:24"
2013-01-25 07:40:18,340.0,6.9,60.3,N,-64.6,W,,,2013,"Location: N/A,CA<br><10 kt<br>2013-01-25 07:40:18"
2013-01-12 03:04:21,4.8,0.16,-15.1,S,-155.6,W,36.1,,2013,"Location: N/A,N/A<br><10 kt<br>2013-01-12 03:04:21"
2012-12-30 07:25:35,19.8,0.55,17.3,N,-83.6,W,,,2012,"Location: N/A,N/A<br><10 kt<br>2012-12-30 07:25:35"
2012-11-20 20:37:31,2.5,89.0,2.5,N,29.6,E,33.3,14.3,2012,"Location: N/A,CD<br>89.0 kt<br>2012-11-20 20:37:31"
2012-11-20 06:25:11,12.0,0.36,-8.0,S,-86.0,W,,,2012,"Location: N/A,N/A<br><10 kt<br>2012-11-20 06:25:11"
2012-10-19 16:26:22,2.3,82.0,-75.4,S,49.6,E,29.3,13.2,2012,"Location: N/A,AQ<br>82.0 kt<br>2012-10-19 16:26:22"
2012-10-09 00:54:55,21.0,0.58,51.2,N,-84.6,W,27.8,13.5,2012,"Location: N/A,CA<br><10 kt<br>2012-10-09 00:54:55"
2012-10-03 22:50:12,28.0,0.75,-41.5,S,-21.9,W,,17.0,2012,"Location: N/A,N/A<br><10 kt<br>2012-10-03 22:50:12"
2012-10-02 16:38:38,47.0,1.2,-8.1,S,-111.9,W,35.0,15.4,2012,"Location: N/A,N/A<br><10 kt<br>2012-10-02 16:38:38"
2012-09-28 05:44:12,3.8,0.13,-6.9,S,73.7,E,,,2012,"Location: N/A,N/A<br><10 kt<br>2012-09-28 05:44:12"
2012-09-18 19:34:39,24.4,0.67,1.2,N,-52.2,W,28.1,18.3,2012,"Location: N/A,BR<br><10 kt<br>2012-09-18 19:34:39"
2012-09-11 22:07:30,5.2,0.17,-18.9,S,105.2,E,,,2012,"Location: N/A,N/A<br><10 kt<br>2012-09-11 22:07:30"
2012-09-10 01:03:32,2.3,82.0,-69.8,S,-111.7,W,23.8,16.9,2012,"Location: N/A,N/A<br>82.0 kt<br>2012-09-10 01:03:32"
2012-08-27 06:57:43,6.8,0.22,-18.3,S,64.2,E,38.7,28.9,2012,"Location: N/A,N/A<br><10 kt<br>2012-08-27 06:57:43"
2012-08-26 14:55:47,24.9,0.68,11.8,N,117.0,E,36.0,12.7,2012,"Location: N/A,N/A<br><10 kt<br>2012-08-26 14:55:47"
2012-07-27 04:19:50,3.4,0.12,63.1,N,172.3,E,27.2,,2012,"Location: N/A,RU<br><10 kt<br>2012-07-27 04:19:50"
2012-07-25 07:48:20,13.3,0.39,36.4,N,41.5,E,26.8,18.5,2012,"Location: N/A,IQ<br><10 kt<br>2012-07-25 07:48:20"
2012-05-25 11:31:24,6.0,0.19,-41.8,S,-36.2,W,,,2012,"Location: N/A,N/A<br><10 kt<br>2012-05-25 11:31:24"
2012-05-15 11:04:17,13.2,0.39,-61.8,S,-135.5,W,33.3,17.1,2012,"Location: N/A,N/A<br><10 kt<br>2012-05-15 11:04:17"
2012-05-04 21:54:49,22.9,0.63,76.7,N,-10.6,W,,,2012,"Location: N/A,N/A<br><10 kt<br>2012-05-04 21:54:49"
2012-04-23 22:01:10,4.4,0.15,36.2,N,107.4,E,25.2,,2012,"Location: Qingyang Shi,CN<br><10 kt<br>2012-04-23 22:01:10"
2012-04-21 16:08:23,14.3,0.42,-15.8,S,-174.8,W,,,2012,"Location: N/A,TO<br><10 kt<br>2012-04-21 16:08:23"
2012-04-19 22:12:10,3.0,0.1,5.5,N,16.8,E,,,2012,"Location: N/A,CF<br><10 kt<br>2012-04-19 22:12:10"
2012-04-02 16:50:33,3.2,0.11,28.1,N,-95.2,W,,,2012,"Location: N/A,N/A<br><10 kt<br>2012-04-02 16:50:33"
2012-03-12 06:40:44,9.9,0.3,2.5,N,139.8,E,25.0,11.8,2012,"Location: N/A,N/A<br><10 kt<br>2012-03-12 06:40:44"
2012-03-03 21:28:24,10.1,0.31,7.8,N,2.7,E,20.4,,2012,"Location: N/A,NG<br><10 kt<br>2012-03-03 21:28:24"
2012-03-01 03:12:40,2.2,79.0,46.9,N,-29.8,W,,,2012,"Location: N/A,N/A<br>79.0 kt<br>2012-03-01 03:12:40"
2012-02-24 19:11:41,3.7,0.13,-22.7,S,30.8,E,,,2012,"Location: N/A,ZA<br><10 kt<br>2012-02-24 19:11:41"
2012-02-17 10:47:16,15.4,0.44,-3.2,S,-39.9,W,45.6,,2012,"Location: N/A,BR<br><10 kt<br>2012-02-17 10:47:16"
2012-02-12 05:25:52,14.0,0.41,-31.7,S,54.9,E,61.0,,2012,"Location: N/A,N/A<br><10 kt<br>2012-02-12 05:25:52"
2012-02-04 14:42:51,15.0,0.43,32.4,N,0.1,E,34.2,12.2,2012,"Location: N/A,DZ<br><10 kt<br>2012-02-04 14:42:51"
2012-01-15 12:26:20,2.1,76.0,-64.1,S,109.9,E,26.3,12.3,2012,"Location: N/A,N/A<br>76.0 kt<br>2012-01-15 12:26:20"
2012-01-11 02:23:15,8.5,0.26,32.2,N,88.5,E,,,2012,"Location: Naqu Diqu,CN<br><10 kt<br>2012-01-11 02:23:15"
2011-12-19 11:35:39,13.5,0.4,-30.2,S,52.6,E,36.1,,2011,"Location: N/A,N/A<br><10 kt<br>2011-12-19 11:35:39"
2011-12-14 05:01:38,5.0,0.16,-62.9,S,89.6,E,32.4,,2011,"Location: N/A,N/A<br><10 kt<br>2011-12-14 05:01:38"
2011-11-20 05:25:05,2.3,82.0,-27.9,S,116.3,E,,,2011,"Location: Yalgoo,AU<br>82.0 kt<br>2011-11-20 05:25:05"
2011-10-12 07:13:20,3.6,0.12,-26.4,S,-78.4,W,,,2011,"Location: N/A,N/A<br><10 kt<br>2011-10-12 07:13:20"
2011-09-13 23:36:47,6.7,0.21,-19.9,S,-13.8,W,21.3,16.7,2011,"Location: N/A,N/A<br><10 kt<br>2011-09-13 23:36:47"
2011-08-31 09:44:13,2.7,95.0,18.6,N,-5.1,W,,,2011,"Location: N/A,ML<br>95.0 kt<br>2011-08-31 09:44:13"
2011-08-20 20:01:37,2.3,82.0,-27.2,S,-2.8,W,,,2011,"Location: N/A,N/A<br>82.0 kt<br>2011-08-20 20:01:37"
2011-08-04 07:25:57,2.8,98.0,-40.7,S,-86.7,W,63.0,,2011,"Location: N/A,N/A<br>98.0 kt<br>2011-08-04 07:25:57"
2011-07-27 23:00:36,4.4,0.15,-45.3,S,63.5,E,29.6,,2011,"Location: N/A,N/A<br><10 kt<br>2011-07-27 23:00:36"
2011-07-05 15:42:41,6.5,0.21,29.1,N,139.7,E,40.7,,2011,"Location: N/A,N/A<br><10 kt<br>2011-07-05 15:42:41"
2011-07-04 09:18:04,2.9,0.1,-51.7,S,175.0,E,,,2011,"Location: N/A,N/A<br><10 kt<br>2011-07-04 09:18:04"
2011-06-16 11:51:50,2.4,86.0,67.3,N,-21.4,W,40.5,,2011,"Location: N/A,N/A<br>86.0 kt<br>2011-06-16 11:51:50"
2011-05-25 05:40:02,228.0,4.8,4.1,N,14.0,E,59.0,11.6,2011,"Location: N/A,CM<br><10 kt<br>2011-05-25 05:40:02"
2011-05-16 13:39:06,2.0,73.0,-1.2,S,92.8,E,,,2011,"Location: N/A,N/A<br>73.0 kt<br>2011-05-16 13:39:06"
2011-04-27 20:38:09,22.0,0.61,1.4,N,-126.6,W,28.7,,2011,"Location: N/A,N/A<br><10 kt<br>2011-04-27 20:38:09"
2011-04-06 08:30:55,14.8,0.43,71.1,N,-43.5,W,22.2,12.7,2011,"Location: N/A,GL<br><10 kt<br>2011-04-06 08:30:55"
2011-03-24 20:23:58,5.8,0.19,0.6,N,-127.5,W,59.0,,2011,"Location: N/A,N/A<br><10 kt<br>2011-03-24 20:23:58"
2011-03-23 04:16:32,2.2,79.0,-16.8,S,-85.6,W,,,2011,"Location: N/A,N/A<br>79.0 kt<br>2011-03-23 04:16:32"
2011-03-01 10:37:54,3.7,0.13,53.5,N,103.9,E,30.6,11.9,2011,"Location: N/A,RU<br><10 kt<br>2011-03-01 10:37:54"
2011-02-21 05:07:03,3.9,0.13,26.3,N,43.7,E,44.4,18.0,2011,"Location: N/A,SA<br><10 kt<br>2011-02-21 05:07:03"
2011-02-12 11:00:12,2.0,73.0,7.8,N,-95.3,W,,,2011,"Location: N/A,N/A<br>73.0 kt<br>2011-02-12 11:00:12"
2011-01-21 15:11:43,7.2,0.23,18.9,N,-44.6,W,61.0,,2011,"Location: N/A,N/A<br><10 kt<br>2011-01-21 15:11:43"
2011-01-08 19:38:44,2.9,0.1,33.3,N,-125.8,W,48.0,,2011,"Location: N/A,N/A<br><10 kt<br>2011-01-08 19:38:44"
2010-12-25 23:24:00,2000.0,33.0,38.0,N,158.0,E,26.0,18.1,2010,"Location: N/A,N/A<br>33.0 kt<br>2010-12-25 23:24:00"
2010-12-14 00:27:53,3.9,0.13,-4.9,S,175.5,E,24.0,,2010,"Location: N/A,KI<br><10 kt<br>2010-12-14 00:27:53"
2010-12-09 02:54:07,6.3,0.2,-54.5,S,-169.7,W,66.0,,2010,"Location: N/A,N/A<br><10 kt<br>2010-12-09 02:54:07"
2010-12-01 06:31:46,13.3,0.39,-72.5,S,144.9,E,33.3,,2010,"Location: N/A,AQ<br><10 kt<br>2010-12-01 06:31:46"
2010-11-21 14:45:27,8.1,0.25,1.9,N,143.3,E,50.0,,2010,"Location: N/A,N/A<br><10 kt<br>2010-11-21 14:45:27"
2010-11-19 07:25:56,3.3,0.11,-10.3,S,148.8,E,30.0,,2010,"Location: N/A,PG<br><10 kt<br>2010-11-19 07:25:56"
2010-11-10 08:26:35,6.8,0.22,74.5,N,-77.7,W,,,2010,"Location: N/A,CA<br><10 kt<br>2010-11-10 08:26:35"
2010-11-09 13:05:46,8.6,0.27,-56.3,S,-16.7,W,37.0,,2010,"Location: N/A,N/A<br><10 kt<br>2010-11-09 13:05:46"
2010-11-09 06:56:52,2.0,73.0,-14.0,S,-160.0,W,26.0,,2010,"Location: N/A,CK<br>73.0 kt<br>2010-11-09 06:56:52"
2010-10-27 11:27:39,14.5,0.42,-14.1,S,67.7,E,35.2,,2010,"Location: N/A,N/A<br><10 kt<br>2010-10-27 11:27:39"
2010-09-24 12:02:07,5.0,0.16,-67.4,S,-50.6,W,,,2010,"Location: N/A,N/A<br><10 kt<br>2010-09-24 12:02:07"
2010-09-18 05:04:41,6.7,0.21,7.4,N,36.7,E,,,2010,"Location: N/A,ET<br><10 kt<br>2010-09-18 05:04:41"
2010-09-08 19:51:36,6.5,0.21,-13.9,S,-65.5,W,46.3,,2010,"Location: N/A,BO<br><10 kt<br>2010-09-08 19:51:36"
2010-09-05 23:37:33,68.3,1.7,-25.9,S,49.0,E,35.2,,2010,"Location: N/A,N/A<br><10 kt<br>2010-09-05 23:37:33"
2010-09-03 12:04:58,175.0,3.8,-61.0,S,146.7,E,33.3,12.3,2010,"Location: N/A,N/A<br><10 kt<br>2010-09-03 12:04:58"
2010-08-17 04:19:37,2.1,76.0,20.7,N,-114.3,W,33.3,,2010,"Location: N/A,N/A<br>76.0 kt<br>2010-08-17 04:19:37"
2010-07-15 01:49:56,2.4,86.0,60.9,N,-178.1,W,,,2010,"Location: N/A,N/A<br>86.0 kt<br>2010-07-15 01:49:56"
2010-07-06 23:54:43,756.0,14.0,-34.1,S,-174.5,W,26.0,15.7,2010,"Location: N/A,N/A<br>14.0 kt<br>2010-07-06 23:54:43"
2010-06-26 06:04:38,11.3,0.34,-0.5,S,133.2,E,50.0,,2010,"Location: N/A,ID<br><10 kt<br>2010-06-26 06:04:38"
2010-06-21 06:42:00,16.3,0.47,-22.5,S,-120.9,W,,,2010,"Location: N/A,N/A<br><10 kt<br>2010-06-21 06:42:00"
2010-06-17 04:24:45,11.9,0.35,-26.1,S,100.0,E,42.0,,2010,"Location: N/A,N/A<br><10 kt<br>2010-06-17 04:24:45"
2010-04-17 02:21:58,5.6,0.18,13.1,N,-173.0,W,,,2010,"Location: N/A,N/A<br><10 kt<br>2010-04-17 02:21:58"
2010-04-16 04:38:52,84.4,2.0,1.8,N,-176.9,W,22.2,18.8,2010,"Location: N/A,N/A<br><10 kt<br>2010-04-16 04:38:52"
2010-04-06 18:33:12,8.0,0.25,52.8,N,-146.5,W,,,2010,"Location: N/A,N/A<br><10 kt<br>2010-04-06 18:33:12"
2010-03-18 16:11:16,17.5,0.5,-32.4,S,-51.8,W,,,2010,"Location: N/A,BR<br><10 kt<br>2010-03-18 16:11:16"
2010-03-14 18:44:42,4.2,0.14,33.8,N,-90.2,W,35.6,,2010,"Location: Minter City,US<br><10 kt<br>2010-03-14 18:44:42"
2010-03-08 22:44:41,3.0,0.1,18.2,N,110.1,E,53.0,,2010,"Location: N/A,CN<br><10 kt<br>2010-03-08 22:44:41"
2010-03-08 22:02:07,32.3,0.85,32.0,N,-92.9,W,52.0,24.5,2010,"Location: Goldonna,US<br><10 kt<br>2010-03-08 22:02:07"
2010-02-28 22:24:50,15.3,0.44,48.7,N,21.0,E,37.0,15.1,2010,"Location: Rudník,SK<br><10 kt<br>2010-02-28 22:24:50"
2010-02-26 22:46:13,23.7,0.65,-37.3,S,-166.0,W,,,2010,"Location: N/A,N/A<br><10 kt<br>2010-02-26 22:46:13"
2010-02-24 19:55:58,9.3,0.28,-2.6,S,-102.2,W,,,2010,"Location: N/A,N/A<br><10 kt<br>2010-02-24 19:55:58"
2010-01-15 19:17:54,49.2,1.2,-8.3,S,27.0,E,25.0,14.0,2010,"Location: N/A,CD<br><10 kt<br>2010-01-15 19:17:54"
2009-12-31 12:50:25,10.2,0.31,37.9,N,-178.3,W,20.7,,2009,"Location: N/A,N/A<br><10 kt<br>2009-12-31 12:50:25"
2009-11-25 01:36:20,6.4,0.2,-52.8,S,136.5,E,,,2009,"Location: N/A,N/A<br><10 kt<br>2009-11-25 01:36:20"
2009-11-21 20:53:00,1000.0,18.0,-22.0,S,29.2,E,38.0,32.1,2009,"Location: Thuli,ZW<br>18.0 kt<br>2009-11-21 20:53:00"
2009-11-18 07:07:19,73.6,1.8,40.4,N,-113.2,W,31.5,,2009,"Location: N/A,US<br><10 kt<br>2009-11-18 07:07:19"
2009-11-07 11:31:59,2.2,79.0,45.5,N,-157.7,W,,,2009,"Location: N/A,N/A<br>79.0 kt<br>2009-11-07 11:31:59"
2009-11-07 10:41:38,4.2,0.14,24.0,N,64.1,E,37.0,,2009,"Location: N/A,N/A<br><10 kt<br>2009-11-07 10:41:38"
2009-10-11 12:49:51,7.1,0.22,-78.3,S,70.2,E,27.8,,2009,"Location: N/A,AQ<br><10 kt<br>2009-10-11 12:49:51"
2009-10-08 02:57:00,2000.0,33.0,-4.2,S,120.6,E,19.1,19.2,2009,"Location: N/A,ID<br>33.0 kt<br>2009-10-08 02:57:00"
2009-09-27 22:22:48,8.9,0.27,-36.0,S,-67.6,W,37.0,,2009,"Location: N/A,AR<br><10 kt<br>2009-09-27 22:22:48"
2009-09-18 20:13:56,14.4,0.42,7.7,N,-29.5,W,,,2009,"Location: N/A,N/A<br><10 kt<br>2009-09-18 20:13:56"
2009-09-04 02:23:18,96.5,2.3,42.5,N,110.0,E,28.3,24.0,2009,"Location: Baotou Shi,CN<br><10 kt<br>2009-09-04 02:23:18"
2009-08-23 21:17:19,28.0,0.75,-67.7,S,18.3,E,34.0,12.2,2009,"Location: N/A,N/A<br><10 kt<br>2009-08-23 21:17:19"
2009-07-31 02:13:19,2.5,89.0,8.9,N,-121.9,W,,,2009,"Location: N/A,N/A<br>89.0 kt<br>2009-07-31 02:13:19"
2009-07-16 06:39:05,72.7,1.8,-24.4,S,-59.8,W,32.2,,2009,"Location: N/A,AR<br><10 kt<br>2009-07-16 06:39:05"
2009-06-27 13:08:05,3.2,0.11,-26.6,S,-12.6,W,26.1,15.2,2009,"Location: N/A,N/A<br><10 kt<br>2009-06-27 13:08:05"
2009-06-18 04:39:00,3.3,0.11,-23.7,S,-16.0,W,57.4,,2009,"Location: N/A,N/A<br><10 kt<br>2009-06-18 04:39:00"
2009-06-09 22:42:28,28.1,0.76,54.9,N,-152.7,W,34.2,,2009,"Location: N/A,N/A<br><10 kt<br>2009-06-09 22:42:28"
2009-05-31 06:05:47,14.3,0.42,19.7,N,-121.0,W,,,2009,"Location: N/A,N/A<br><10 kt<br>2009-05-31 06:05:47"
2009-05-04 11:39:03,14.0,0.41,36.4,N,-160.4,W,40.7,,2009,"Location: N/A,N/A<br><10 kt<br>2009-05-04 11:39:03"
2009-04-20 04:01:39,2.2,79.0,6.0,N,84.3,E,,,2009,"Location: N/A,N/A<br>79.0 kt<br>2009-04-20 04:01:39"
2009-04-10 18:42:45,27.0,0.73,-44.7,S,25.7,E,32.4,19.1,2009,"Location: N/A,N/A<br><10 kt<br>2009-04-10 18:42:45"
2009-02-20 12:15:57,5.0,0.16,-64.9,S,-70.0,W,,,2009,"Location: N/A,N/A<br><10 kt<br>2009-02-20 12:15:57"
2009-02-07 19:51:32,160.0,3.5,56.6,N,69.8,E,40.0,15.4,2009,"Location: Aleksandrovka,RU<br><10 kt<br>2009-02-07 19:51:32"
2009-01-12 22:24:56,4.8,0.16,47.8,N,-44.3,W,,,2009,"Location: N/A,N/A<br><10 kt<br>2009-01-12 22:24:56"
2009-01-10 07:42:39,2.3,82.0,-64.0,S,122.8,E,26.5,,2009,"Location: N/A,N/A<br>82.0 kt<br>2009-01-10 07:42:39"
2008-12-24 15:51:58,3.5,0.12,-68.9,S,-102.0,W,21.1,24.1,2008,"Location: N/A,N/A<br><10 kt<br>2008-12-24 15:51:58"
2008-12-12 11:36:36,21.6,0.6,-7.0,S,-9.7,W,50.0,,2008,"Location: N/A,N/A<br><10 kt<br>2008-12-12 11:36:36"
2008-11-24 22:01:19,14.6,0.42,-57.9,S,146.1,E,34.8,23.7,2008,"Location: N/A,N/A<br><10 kt<br>2008-11-24 22:01:19"
2008-11-21 00:26:44,14.2,0.41,53.1,N,-109.9,W,28.2,12.9,2008,"Location: Lone Rock,CA<br><10 kt<br>2008-11-21 00:26:44"
2008-11-18 09:41:51,2.5,89.0,-29.4,S,75.9,E,35.2,22.4,2008,"Location: N/A,N/A<br>89.0 kt<br>2008-11-18 09:41:51"
2008-11-09 02:38:34,22.2,0.61,14.5,N,112.7,E,29.6,,2008,"Location: N/A,N/A<br><10 kt<br>2008-11-09 02:38:34"
2008-10-21 02:20:25,4.6,0.15,32.8,N,-165.6,W,29.6,11.3,2008,"Location: N/A,N/A<br><10 kt<br>2008-10-21 02:20:25"
2008-10-10 09:34:18,18.0,0.51,-57.3,S,17.0,E,21.4,,2008,"Location: N/A,N/A<br><10 kt<br>2008-10-10 09:34:18"
2008-10-07 02:45:45,39.5,1.0,20.9,N,31.4,E,38.9,13.3,2008,"Location: N/A,SD<br><10 kt<br>2008-10-07 02:45:45"
2008-08-16 14:40:24,13.1,0.38,11.3,N,97.2,E,,,2008,"Location: N/A,N/A<br><10 kt<br>2008-08-16 14:40:24"
2008-08-12 11:44:10,2.0,73.0,-11.6,S,-175.0,W,,,2008,"Location: N/A,N/A<br>73.0 kt<br>2008-08-12 11:44:10"
2008-08-07 06:07:10,4.1,0.14,18.5,N,180.0,E,45.4,13.8,2008,"Location: N/A,N/A<br><10 kt<br>2008-08-07 06:07:10"
2008-07-23 14:45:25,12.1,0.36,38.6,N,68.0,E,31.5,14.5,2008,"Location: N/A,UZ<br><10 kt<br>2008-07-23 14:45:25"
2008-07-22 19:34:00,6.1,0.2,-17.8,S,-89.2,W,54.4,,2008,"Location: N/A,N/A<br><10 kt<br>2008-07-22 19:34:00"
2008-07-08 15:55:30,6.6,0.21,72.8,N,147.3,E,52.2,21.7,2008,"Location: N/A,RU<br><10 kt<br>2008-07-08 15:55:30"
2008-07-01 17:40:19,3.6,0.12,37.1,N,-115.7,W,36.1,9.8,2008,"Location: Alamo,US<br><10 kt<br>2008-07-01 17:40:19"
2008-06-27 02:01:23,17.2,0.49,-26.9,S,-17.7,W,33.7,23.1,2008,"Location: N/A,N/A<br><10 kt<br>2008-06-27 02:01:23"
2008-06-18 13:45:36,2.1,76.0,6.1,N,103.1,E,,,2008,"Location: N/A,N/A<br>76.0 kt<br>2008-06-18 13:45:36"
2008-05-29 21:23:56,2.1,76.0,15.7,N,-83.5,W,,,2008,"Location: N/A,N/A<br>76.0 kt<br>2008-05-29 21:23:56"
2008-05-24 10:18:10,15.0,0.43,0.8,N,162.0,E,37.0,14.2,2008,"Location: N/A,N/A<br><10 kt<br>2008-05-24 10:18:10"
2008-05-22 20:50:28,2.1,76.0,46.9,N,134.5,E,,,2008,"Location: N/A,RU<br>76.0 kt<br>2008-05-22 20:50:28"
2008-04-30 01:18:38,2.0,73.0,-33.6,S,-35.1,W,,,2008,"Location: N/A,N/A<br>73.0 kt<br>2008-04-30 01:18:38"
2008-03-15 11:29:55,5.0,0.16,28.0,N,-41.5,W,26.7,12.9,2008,"Location: N/A,N/A<br><10 kt<br>2008-03-15 11:29:55"
2008-02-19 13:30:30,2.0,73.0,48.9,N,-119.8,W,,,2008,"Location: Loomis,US<br>73.0 kt<br>2008-02-19 13:30:30"
2008-02-17 12:19:16,11.0,0.33,74.9,N,-73.4,W,40.4,13.9,2008,"Location: N/A,CA<br><10 kt<br>2008-02-17 12:19:16"
2008-01-09 03:53:15,4.1,0.14,-66.8,S,-67.3,W,31.5,11.6,2008,"Location: N/A,AQ<br><10 kt<br>2008-01-09 03:53:15"
2007-12-26 06:46:20,13.6,0.4,-61.6,S,-158.9,W,,,2007,"Location: N/A,N/A<br><10 kt<br>2007-12-26 06:46:20"
2007-12-20 17:00:48,12.2,0.36,51.3,N,115.4,E,,,2007,"Location: Tsagan-Ola,RU<br><10 kt<br>2007-12-20 17:00:48"
2007-10-25 19:35:38,5.8,0.19,-40.9,S,91.3,E,46.3,,2007,"Location: N/A,N/A<br><10 kt<br>2007-10-25 19:35:38"
2007-10-12 09:14:03,3.3,0.11,88.5,N,116.6,E,37.0,18.4,2007,"Location: N/A,N/A<br><10 kt<br>2007-10-12 09:14:03"
2007-10-07 13:31:01,5.8,0.19,-35.2,S,125.6,E,,,2007,"Location: N/A,N/A<br><10 kt<br>2007-10-07 13:31:01"
2007-09-22 17:57:12,23.7,0.65,-49.2,S,-85.5,W,30.2,16.9,2007,"Location: N/A,N/A<br><10 kt<br>2007-09-22 17:57:12"
2007-06-11 09:47:05,4.9,0.16,-23.4,S,-170.9,W,35.2,17.0,2007,"Location: N/A,N/A<br><10 kt<br>2007-06-11 09:47:05"
2007-06-08 13:32:00,23.5,0.65,-52.0,S,175.3,E,38.9,,2007,"Location: N/A,N/A<br><10 kt<br>2007-06-08 13:32:00"
2007-06-07 21:28:12,3.1,0.11,21.9,N,53.1,E,29.6,,2007,"Location: N/A,SA<br><10 kt<br>2007-06-07 21:28:12"
2007-05-16 16:20:58,3.8,0.13,-4.5,S,111.7,E,,,2007,"Location: N/A,ID<br><10 kt<br>2007-05-16 16:20:58"
2007-05-16 04:45:52,40.0,1.0,-42.4,S,164.0,E,31.5,,2007,"Location: N/A,N/A<br><10 kt<br>2007-05-16 04:45:52"
2007-05-04 17:52:39,17.5,0.5,22.9,N,109.4,E,48.0,,2007,"Location: Nanning Shi,CN<br><10 kt<br>2007-05-04 17:52:39"
2007-04-18 12:44:23,11.2,0.33,-83.7,S,-171.2,W,38.0,24.4,2007,"Location: N/A,AQ<br><10 kt<br>2007-04-18 12:44:23"
2007-03-17 06:48:35,4.0,0.13,7.1,N,4.1,E,32.5,14.5,2007,"Location: N/A,NG<br><10 kt<br>2007-03-17 06:48:35"
2007-03-15 02:20:15,2.5,89.0,-44.1,S,-148.4,W,,,2007,"Location: N/A,N/A<br>89.0 kt<br>2007-03-15 02:20:15"
2007-02-02 12:48:41,34.0,0.89,24.0,N,-37.2,W,35.5,,2007,"Location: N/A,N/A<br><10 kt<br>2007-02-02 12:48:41"
2007-01-26 22:22:21,14.7,0.43,3.7,N,99.7,E,,,2007,"Location: N/A,N/A<br><10 kt<br>2007-01-26 22:22:21"
2007-01-22 07:24:56,7.6,0.24,45.4,N,53.5,E,32.0,13.4,2007,"Location: N/A,KZ<br><10 kt<br>2007-01-22 07:24:56"
2007-01-18 13:51:10,3.2,0.11,5.3,N,-164.3,W,34.1,,2007,"Location: N/A,N/A<br><10 kt<br>2007-01-18 13:51:10"
2007-01-17 09:50:46,54.8,1.4,-8.7,S,50.8,E,33.3,,2007,"Location: N/A,N/A<br><10 kt<br>2007-01-17 09:50:46"
2007-01-01 11:43:29,3.6,0.12,44.4,N,116.5,E,53.0,,2007,"Location: Xilinguole Meng,CN<br><10 kt<br>2007-01-01 11:43:29"
2006-12-09 06:31:12,741.0,14.0,26.2,N,26.0,E,26.5,15.9,2006,"Location: N/A,EG<br>14.0 kt<br>2006-12-09 06:31:12"
2006-12-07 11:42:00,2.1,76.0,14.0,N,-140.0,W,,,2006,"Location: N/A,N/A<br>76.0 kt<br>2006-12-07 11:42:00"
2006-12-01 06:09:25,6.3,0.2,-13.0,S,30.7,E,,,2006,"Location: N/A,ZM<br><10 kt<br>2006-12-01 06:09:25"
2006-11-13 15:16:34,2.3,82.0,-44.0,S,43.3,E,,,2006,"Location: N/A,N/A<br>82.0 kt<br>2006-11-13 15:16:34"
2006-10-24 08:42:52,22.5,0.62,-1.9,S,-2.7,W,43.0,,2006,"Location: N/A,N/A<br><10 kt<br>2006-10-24 08:42:52"
2006-10-14 18:10:49,25.8,0.7,49.4,N,-175.0,W,44.4,23.9,2006,"Location: N/A,N/A<br><10 kt<br>2006-10-14 18:10:49"
2006-10-09 04:45:30,4.1,0.14,-47.0,S,78.9,E,22.2,,2006,"Location: N/A,N/A<br><10 kt<br>2006-10-09 04:45:30"
2006-10-07 12:18:53,4.1,0.14,-23.0,S,-61.8,W,40.7,,2006,"Location: N/A,AR<br><10 kt<br>2006-10-07 12:18:53"
2006-10-02 19:10:27,9.0,0.28,14.0,N,53.1,E,42.0,,2006,"Location: N/A,N/A<br><10 kt<br>2006-10-02 19:10:27"
2006-09-27 08:33:43,10.7,0.32,-32.0,S,60.2,E,48.1,,2006,"Location: N/A,N/A<br><10 kt<br>2006-09-27 08:33:43"
2006-09-23 18:52:58,12.1,0.36,-29.0,S,-108.0,W,,,2006,"Location: N/A,N/A<br><10 kt<br>2006-09-23 18:52:58"
2006-09-02 04:26:15,123.0,2.8,-14.0,S,109.1,E,44.1,14.2,2006,"Location: N/A,N/A<br><10 kt<br>2006-09-02 04:26:15"
2006-08-29 01:38:36,9.2,0.28,-44.0,S,-162.0,W,40.7,,2006,"Location: N/A,N/A<br><10 kt<br>2006-08-29 01:38:36"
2006-08-18 00:03:18,3.2,0.11,-43.0,S,33.4,E,47.2,,2006,"Location: N/A,N/A<br><10 kt<br>2006-08-18 00:03:18"
2006-08-17 10:43:34,25.6,0.7,-11.0,S,165.7,E,48.2,,2006,"Location: N/A,SB<br><10 kt<br>2006-08-17 10:43:34"
2006-08-15 10:52:24,4.7,0.16,4.9,N,49.6,E,32.7,,2006,"Location: N/A,N/A<br><10 kt<br>2006-08-15 10:52:24"
2006-08-09 04:30:44,102.0,2.4,-23.1,S,53.7,E,37.0,,2006,"Location: N/A,N/A<br><10 kt<br>2006-08-09 04:30:44"
2006-07-15 23:55:45,8.5,0.26,-78.3,S,-5.0,W,29.6,12.4,2006,"Location: N/A,AQ<br><10 kt<br>2006-07-15 23:55:45"
2006-07-15 15:22:49,16.3,0.47,31.1,N,45.6,E,38.9,30.2,2006,"Location: N/A,IQ<br><10 kt<br>2006-07-15 15:22:49"
2006-06-07 00:06:28,5.9,0.19,69.2,N,22.5,E,40.7,19.6,2006,"Location: Kautokeino,NO<br><10 kt<br>2006-06-07 00:06:28"
2006-05-21 07:51:11,26.3,0.71,-11.6,S,-25.5,W,,,2006,"Location: N/A,N/A<br><10 kt<br>2006-05-21 07:51:11"
2006-05-06 15:39:06,12.8,0.38,-60.2,S,-152.3,W,35.2,,2006,"Location: N/A,N/A<br><10 kt<br>2006-05-06 15:39:06"
2006-04-08 13:16:23,12.7,0.37,17.3,N,-113.2,W,33.3,,2006,"Location: N/A,N/A<br><10 kt<br>2006-04-08 13:16:23"
2006-04-04 11:30:08,240.0,5.0,26.6,N,-26.6,W,25.0,,2006,"Location: N/A,N/A<br><10 kt<br>2006-04-04 11:30:08"
2006-03-14 03:21:06,14.4,0.42,7.0,N,-64.6,W,35.2,,2006,"Location: N/A,VE<br><10 kt<br>2006-03-14 03:21:06"
2006-02-06 01:57:37,119.0,2.7,-54.5,S,18.1,E,35.2,,2006,"Location: N/A,N/A<br><10 kt<br>2006-02-06 01:57:37"
2006-02-04 08:38:05,10.0,0.3,36.9,N,-143.6,W,38.9,19.8,2006,"Location: N/A,N/A<br><10 kt<br>2006-02-04 08:38:05"
2006-01-28 03:33:48,74.0,1.8,-51.7,S,56.4,E,37.0,18.7,2006,"Location: N/A,N/A<br><10 kt<br>2006-01-28 03:33:48"
2006-01-27 01:27:42,4.5,0.15,58.7,N,74.7,E,20.0,,2006,"Location: N/A,RU<br><10 kt<br>2006-01-27 01:27:42"
2006-01-26 00:00:53,5.3,0.17,-79.8,S,-111.0,W,37.0,,2006,"Location: N/A,AQ<br><10 kt<br>2006-01-26 00:00:53"
2006-01-10 23:25:28,2.8,98.0,29.8,N,-12.7,W,32.4,16.9,2006,"Location: N/A,N/A<br>98.0 kt<br>2006-01-10 23:25:28"
2006-01-08 05:20:19,9.4,0.29,7.6,N,-28.2,W,,,2006,"Location: N/A,N/A<br><10 kt<br>2006-01-08 05:20:19"
2005-12-29 10:05:35,19.0,0.53,-3.0,S,-154.9,W,42.2,20.7,2005,"Location: N/A,KI<br><10 kt<br>2005-12-29 10:05:35"
2005-12-24 15:30:26,18.1,0.51,-54.0,S,17.3,E,66.0,,2005,"Location: N/A,N/A<br><10 kt<br>2005-12-24 15:30:26"
2005-12-03 12:45:49,8.8,0.27,-33.8,S,117.4,E,32.2,17.0,2005,"Location: Broomehill West,AU<br><10 kt<br>2005-12-03 12:45:49"
2005-12-01 10:40:20,3.2,0.11,-6.4,S,-155.8,W,,,2005,"Location: N/A,KI<br><10 kt<br>2005-12-01 10:40:20"
2005-11-29 07:33:16,3.2,0.11,7.6,N,-58.2,W,59.3,,2005,"Location: N/A,N/A<br><10 kt<br>2005-11-29 07:33:16"
2005-11-15 05:19:07,2.5,89.0,26.3,N,-113.4,W,32.4,,2005,"Location: N/A,MX<br>89.0 kt<br>2005-11-15 05:19:07"
2005-11-11 20:34:23,4.2,0.14,21.4,N,-134.1,W,29.6,,2005,"Location: N/A,N/A<br><10 kt<br>2005-11-11 20:34:23"
2005-11-09 07:33:08,7.3,0.23,-31.0,S,145.9,E,30.7,13.8,2005,"Location: Tindarey,AU<br><10 kt<br>2005-11-09 07:33:08"
2005-11-02 07:04:32,3.2,0.11,33.9,N,-154.9,W,68.5,,2005,"Location: N/A,N/A<br><10 kt<br>2005-11-02 07:04:32"
2005-11-02 05:16:47,6.7,0.21,22.9,N,-123.8,W,74.0,,2005,"Location: N/A,N/A<br><10 kt<br>2005-11-02 05:16:47"
2005-10-26 21:30:47,13.8,0.4,-36.3,S,-80.5,W,16.7,,2005,"Location: N/A,N/A<br><10 kt<br>2005-10-26 21:30:47"
2005-09-30 19:04:06,2.2,79.0,-2.8,S,-84.1,W,53.0,,2005,"Location: N/A,N/A<br>79.0 kt<br>2005-09-30 19:04:06"
2005-09-14 01:08:52,2.5,89.0,11.6,N,27.3,E,33.3,,2005,"Location: N/A,SD<br>89.0 kt<br>2005-09-14 01:08:52"
2005-09-02 07:59:47,8.2,0.25,13.5,N,73.1,E,,,2005,"Location: N/A,N/A<br><10 kt<br>2005-09-02 07:59:47"
2005-08-09 14:35:45,2.5,89.0,-21.5,S,56.2,E,37.0,16.9,2005,"Location: N/A,N/A<br>89.0 kt<br>2005-08-09 14:35:45"
2005-07-01 22:36:15,3.1,0.11,-49.8,S,33.1,E,50.0,,2005,"Location: N/A,N/A<br><10 kt<br>2005-07-01 22:36:15"
2005-06-18 19:40:41,2.3,82.0,47.9,N,85.6,E,,,2005,"Location: Aletai Diqu,CN<br>82.0 kt<br>2005-06-18 19:40:41"
2005-06-05 01:56:09,4.1,0.14,34.8,N,90.9,E,,,2005,"Location: Haixi,CN<br><10 kt<br>2005-06-05 01:56:09"
2005-06-03 08:15:41,8.2,0.25,-31.0,S,-90.3,W,29.6,26.2,2005,"Location: N/A,N/A<br><10 kt<br>2005-06-03 08:15:41"
2005-05-27 14:12:13,2.0,73.0,-48.9,S,145.1,E,50.5,,2005,"Location: N/A,N/A<br>73.0 kt<br>2005-05-27 14:12:13"
2005-05-07 09:31:44,2.6,92.0,-75.8,S,163.7,E,15.2,16.6,2005,"Location: N/A,AQ<br>92.0 kt<br>2005-05-07 09:31:44"
2005-05-02 20:10:36,4.6,0.15,17.7,N,36.0,E,,,2005,"Location: N/A,SD<br><10 kt<br>2005-05-02 20:10:36"
2005-04-22 11:18:05,2.2,79.0,20.9,N,-36.7,W,37.0,,2005,"Location: N/A,N/A<br>79.0 kt<br>2005-04-22 11:18:05"
2005-04-19 07:37:47,23.2,0.64,-50.2,S,-146.4,W,38.5,16.8,2005,"Location: N/A,N/A<br><10 kt<br>2005-04-19 07:37:47"
2005-04-15 06:54:59,2.1,76.0,-43.8,S,-73.9,W,39.0,,2005,"Location: N/A,CL<br>76.0 kt<br>2005-04-15 06:54:59"
2005-04-14 14:05:22,7.1,0.22,4.9,N,-176.0,W,26.5,,2005,"Location: N/A,N/A<br><10 kt<br>2005-04-14 14:05:22"
2005-04-11 05:20:29,10.6,0.32,-34.2,S,-95.7,W,37.0,,2005,"Location: N/A,N/A<br><10 kt<br>2005-04-11 05:20:29"
2005-04-06 01:30:24,2.9,0.1,-42.7,S,154.6,E,70.0,,2005,"Location: N/A,N/A<br><10 kt<br>2005-04-06 01:30:24"
2005-04-03 01:45:29,21.9,0.61,-1.0,S,112.4,E,59.2,,2005,"Location: N/A,ID<br><10 kt<br>2005-04-03 01:45:29"
2005-04-02 22:52:25,20.4,0.57,14.1,N,169.7,E,27.2,,2005,"Location: N/A,N/A<br><10 kt<br>2005-04-02 22:52:25"
2005-03-31 22:15:55,3.8,0.13,42.8,N,-36.2,W,,,2005,"Location: N/A,N/A<br><10 kt<br>2005-03-31 22:15:55"
2005-03-18 16:48:32,2.7,95.0,-9.7,S,-34.7,W,33.0,,2005,"Location: N/A,N/A<br>95.0 kt<br>2005-03-18 16:48:32"
2005-03-09 15:47:36,5.3,0.17,-21.4,S,-157.9,W,44.4,,2005,"Location: N/A,CK<br><10 kt<br>2005-03-09 15:47:36"
2005-03-09 12:49:08,4.0,0.13,14.3,N,142.7,E,30.7,,2005,"Location: N/A,N/A<br><10 kt<br>2005-03-09 12:49:08"
2005-02-17 22:52:36,10.0,0.3,48.0,N,-161.5,W,42.5,,2005,"Location: N/A,N/A<br><10 kt<br>2005-02-17 22:52:36"
2005-01-19 01:43:14,14.1,0.41,-27.5,S,-164.9,W,40.7,,2005,"Location: N/A,N/A<br><10 kt<br>2005-01-19 01:43:14"
2005-01-02 23:09:51,11.9,0.35,-21.3,S,154.7,E,35.2,21.5,2005,"Location: N/A,N/A<br><10 kt<br>2005-01-02 23:09:51"
2005-01-01 03:44:09,45.4,1.2,32.7,N,12.4,E,31.8,,2005,"Location: N/A,LY<br><10 kt<br>2005-01-01 03:44:09"
2004-12-29 07:11:45,9.0,0.28,-8.5,S,171.8,E,,,2004,"Location: N/A,N/A<br><10 kt<br>2004-12-29 07:11:45"
2004-12-13 11:35:55,3.9,0.13,-9.7,S,155.3,E,,,2004,"Location: N/A,N/A<br><10 kt<br>2004-12-13 11:35:55"
2004-12-11 15:36:51,3.0,0.1,36.0,N,104.1,E,,,2004,"Location: Lanzhou Shi,CN<br><10 kt<br>2004-12-11 15:36:51"
2004-11-30 08:32:53,18.1,0.51,61.0,N,-171.0,W,,,2004,"Location: N/A,US<br><10 kt<br>2004-11-30 08:32:53"
2004-10-07 13:14:43,1037.0,18.0,-27.3,S,71.5,E,35.0,19.2,2004,"Location: N/A,N/A<br>18.0 kt<br>2004-10-07 13:14:43"
2004-10-04 04:39:52,7.1,0.22,3.7,N,-150.9,W,,,2004,"Location: N/A,N/A<br><10 kt<br>2004-10-04 04:39:52"
2004-09-28 08:57:28,6.2,0.2,0.2,N,-101.1,W,,,2004,"Location: N/A,N/A<br><10 kt<br>2004-09-28 08:57:28"
2004-09-03 12:07:22,726.0,13.0,-67.7,S,18.2,E,31.5,,2004,"Location: N/A,N/A<br>13.0 kt<br>2004-09-03 12:07:22"
2004-08-22 10:01:33,144.0,3.2,-51.9,S,22.7,E,37.0,,2004,"Location: N/A,N/A<br><10 kt<br>2004-08-22 10:01:33"
2004-06-12 07:13:56,10.4,0.31,21.7,N,175.3,E,,,2004,"Location: N/A,N/A<br><10 kt<br>2004-06-12 07:13:56"
2004-06-05 20:34:10,181.0,3.9,1.3,N,-174.4,W,43.0,19.5,2004,"Location: N/A,N/A<br><10 kt<br>2004-06-05 20:34:10"
2004-06-03 09:40:12,5.4,0.18,48.9,N,-120.4,W,,,2004,"Location: N/A,US<br><10 kt<br>2004-06-03 09:40:12"
2004-05-18 11:12:12,39.4,1.0,-28.1,S,-47.4,W,,,2004,"Location: N/A,N/A<br><10 kt<br>2004-05-18 11:12:12"
2004-05-17 02:08:27,5.5,0.18,-18.9,S,28.3,E,44.0,,2004,"Location: N/A,ZW<br><10 kt<br>2004-05-17 02:08:27"
2004-04-22 21:19:55,13.9,0.41,-15.2,S,55.1,E,,,2004,"Location: N/A,N/A<br><10 kt<br>2004-04-22 21:19:55"
2004-04-22 04:21:49,62.4,1.5,-44.3,S,83.3,E,29.6,16.3,2004,"Location: N/A,N/A<br><10 kt<br>2004-04-22 04:21:49"
2004-04-06 03:24:49,43.3,1.1,-12.0,S,162.8,E,35.0,25.6,2004,"Location: N/A,SB<br><10 kt<br>2004-04-06 03:24:49"
2004-03-26 16:35:45,2.4,86.0,-7.6,S,155.1,E,46.0,,2004,"Location: N/A,N/A<br>86.0 kt<br>2004-03-26 16:35:45"
2004-03-25 09:39:26,2.1,76.0,-4.8,S,21.0,E,,,2004,"Location: N/A,CD<br>76.0 kt<br>2004-03-25 09:39:26"
2004-02-02 18:52:20,3.0,0.1,-18.3,S,52.3,E,,,2004,"Location: N/A,N/A<br><10 kt<br>2004-02-02 18:52:20"
2004-01-22 01:06:43,23.2,0.64,-50.6,S,157.8,E,37.0,,2004,"Location: N/A,N/A<br><10 kt<br>2004-01-22 01:06:43"
2004-01-02 04:27:59,13.4,0.39,-28.2,S,3.2,E,63.0,,2004,"Location: N/A,N/A<br><10 kt<br>2004-01-02 04:27:59"
2003-12-09 22:36:23,64.3,1.6,-67.1,S,-90.8,W,,,2003,"Location: N/A,N/A<br><10 kt<br>2003-12-09 22:36:23"
2003-11-26 02:00:04,3.5,0.12,-22.9,S,22.7,E,32.0,,2003,"Location: N/A,BW<br><10 kt<br>2003-11-26 02:00:04"
2003-11-10 13:54:06,51.8,1.3,-64.5,S,136.2,E,23.0,20.1,2003,"Location: N/A,N/A<br><10 kt<br>2003-11-10 13:54:06"
2003-11-01 14:09:30,7.3,0.23,-51.4,S,151.7,E,,,2003,"Location: N/A,N/A<br><10 kt<br>2003-11-01 14:09:30"
2003-09-27 12:59:02,215.0,4.6,21.0,N,86.6,E,26.0,18.2,2003,"Location: Gadadharpur,IN<br><10 kt<br>2003-09-27 12:59:02"
2003-09-02 20:00:46,38.5,1.0,51.3,N,-161.0,W,,,2003,"Location: N/A,N/A<br><10 kt<br>2003-09-02 20:00:46"
2003-08-17 13:16:07,64.7,1.6,-39.0,S,34.0,E,,,2003,"Location: N/A,N/A<br><10 kt<br>2003-08-17 13:16:07"
2003-06-10 14:11:07,3.2,0.11,-41.8,S,122.9,E,,,2003,"Location: N/A,N/A<br><10 kt<br>2003-06-10 14:11:07"
2003-05-27 23:32:32,6.8,0.22,5.2,N,166.2,E,,,2003,"Location: N/A,N/A<br><10 kt<br>2003-05-27 23:32:32"
2003-05-15 06:28:32,4.3,0.14,54.0,N,-80.4,W,,,2003,"Location: N/A,CA<br><10 kt<br>2003-05-15 06:28:32"
2003-04-13 17:58:41,17.5,0.5,14.8,N,64.5,E,17.0,,2003,"Location: N/A,N/A<br><10 kt<br>2003-04-13 17:58:41"
2003-04-07 09:25:28,2.2,79.0,-18.4,S,162.6,E,,,2003,"Location: N/A,N/A<br>79.0 kt<br>2003-04-07 09:25:28"
2003-03-27 05:50:26,14.2,0.41,41.4,N,-87.7,W,45.0,,2003,"Location: Monee,US<br><10 kt<br>2003-03-27 05:50:26"
2003-02-25 23:13:28,3.3,0.11,40.0,N,116.0,E,,,2003,"Location: Beijing,CN<br><10 kt<br>2003-02-25 23:13:28"
2003-02-12 02:37:54,12.0,0.36,-31.5,S,107.5,E,,,2003,"Location: N/A,N/A<br><10 kt<br>2003-02-12 02:37:54"
2003-02-06 17:00:19,19.7,0.55,-62.9,S,-113.9,W,,,2003,"Location: N/A,N/A<br><10 kt<br>2003-02-06 17:00:19"
2003-02-04 14:07:08,13.5,0.4,-59.9,S,41.0,E,,,2003,"Location: N/A,N/A<br><10 kt<br>2003-02-04 14:07:08"
2002-11-21 00:11:17,24.0,0.66,-1.4,S,-154.0,W,,,2002,"Location: N/A,KI<br><10 kt<br>2002-11-21 00:11:17"
2002-11-12 21:49:56,4.3,0.14,-21.1,S,-6.8,W,,,2002,"Location: N/A,SH<br><10 kt<br>2002-11-12 21:49:56"
2002-11-10 22:13:54,46.0,1.2,16.0,N,-166.0,W,,,2002,"Location: N/A,N/A<br><10 kt<br>2002-11-10 22:13:54"
2002-10-09 12:00:35,4.9,0.16,-4.3,S,-175.9,W,,,2002,"Location: N/A,KI<br><10 kt<br>2002-10-09 12:00:35"
2002-09-24 16:48:57,86.0,2.0,57.9,N,112.9,E,,,2002,"Location: Bolshaya Slyudyanka,RU<br><10 kt<br>2002-09-24 16:48:57"
2002-08-14 07:48:32,9.0,0.28,-6.9,S,-126.2,W,,,2002,"Location: N/A,N/A<br><10 kt<br>2002-08-14 07:48:32"
2002-08-11 20:42:53,151.0,3.3,-18.2,S,159.4,E,,,2002,"Location: N/A,N/A<br><10 kt<br>2002-08-11 20:42:53"
2002-07-25 15:57:32,23.0,0.63,-28.7,S,47.0,E,,,2002,"Location: N/A,N/A<br><10 kt<br>2002-07-25 15:57:32"
2002-07-22 11:16:02,5.3,0.17,34.0,N,106.1,E,,,2002,"Location: Longnan Shi,CN<br><10 kt<br>2002-07-22 11:16:02"
2002-06-13 15:29:38,19.1,0.54,-24.9,S,111.4,E,,,2002,"Location: N/A,AU<br><10 kt<br>2002-06-13 15:29:38"
2002-06-02 04:28:20,450.0,8.8,34.0,N,21.0,E,,,2002,"Location: N/A,N/A<br><10 kt<br>2002-06-02 04:28:20"
2002-04-03 19:10:21,18.2,0.51,-5.3,S,27.1,E,,,2002,"Location: N/A,CD<br><10 kt<br>2002-04-03 19:10:21"
2002-03-18 14:44:57,2.0,73.0,-60.4,S,-120.5,W,,,2002,"Location: N/A,N/A<br>73.0 kt<br>2002-03-18 14:44:57"
2002-03-09 01:20:24,24.9,0.68,6.9,N,-147.3,W,,,2002,"Location: N/A,N/A<br><10 kt<br>2002-03-09 01:20:24"
2002-03-03 21:10:55,8.2,0.25,37.5,N,154.0,E,,,2002,"Location: N/A,N/A<br><10 kt<br>2002-03-03 21:10:55"
2002-03-01 03:53:59,3.8,0.13,29.2,N,-66.8,W,,,2002,"Location: N/A,N/A<br><10 kt<br>2002-03-01 03:53:59"
2002-02-09 19:50:26,7.0,0.22,-17.7,S,138.7,E,,,2002,"Location: Doomadgee,AU<br><10 kt<br>2002-02-09 19:50:26"
2002-02-01 19:07:54,7.0,0.22,60.7,N,116.6,E,,,2002,"Location: N/A,RU<br><10 kt<br>2002-02-01 19:07:54"
2002-01-20 16:42:04,10.4,0.31,48.4,N,-165.0,W,,,2002,"Location: N/A,N/A<br><10 kt<br>2002-01-20 16:42:04"
2001-10-27 19:20:12,3.6,0.12,52.7,N,3.8,E,,,2001,"Location: N/A,N/A<br><10 kt<br>2001-10-27 19:20:12"
2001-07-26 21:20:19,32.6,0.86,0.4,N,84.8,E,,,2001,"Location: N/A,N/A<br><10 kt<br>2001-07-26 21:20:19"
2001-07-23 22:19:11,124.0,2.8,41.0,N,-77.0,W,,,2001,"Location: Lewisburg,US<br><10 kt<br>2001-07-23 22:19:11"
2001-04-23 06:12:35,460.0,9.0,28.0,N,-133.6,W,29.0,,2001,"Location: N/A,N/A<br><10 kt<br>2001-04-23 06:12:35"
2001-04-13 00:29:57,25.1,0.68,-15.3,S,162.4,E,,,2001,"Location: N/A,N/A<br><10 kt<br>2001-04-13 00:29:57"
2001-02-04 05:53:38,15.1,0.44,-64.0,S,97.3,E,,,2001,"Location: N/A,N/A<br><10 kt<br>2001-02-04 05:53:38"
2001-01-28 16:19:18,10.8,0.32,66.0,N,31.3,E,,,2001,"Location: N/A,RU<br><10 kt<br>2001-01-28 16:19:18"
2000-12-15 13:22:59,26.2,0.71,41.3,N,95.2,E,,,2000,"Location: Jiuquan,CN<br><10 kt<br>2000-12-15 13:22:59"
2000-12-15 03:46:27,2.7,95.0,50.4,N,58.9,E,,,2000,"Location: N/A,KZ<br>95.0 kt<br>2000-12-15 03:46:27"
2000-11-13 00:28:01,6.6,0.21,-13.6,S,-5.8,W,,,2000,"Location: N/A,N/A<br><10 kt<br>2000-11-13 00:28:01"
2000-11-06 07:18:57,6.9,0.22,-52.0,S,-22.2,W,,,2000,"Location: N/A,N/A<br><10 kt<br>2000-11-06 07:18:57"
2000-10-11 23:29:55,8.1,0.25,-31.7,S,-5.5,W,,,2000,"Location: N/A,N/A<br><10 kt<br>2000-10-11 23:29:55"
2000-09-23 04:00:45,2.2,79.0,-58.5,S,142.6,E,,,2000,"Location: N/A,N/A<br>79.0 kt<br>2000-09-23 04:00:45"
2000-09-19 22:12:38,8.9,0.27,-3.2,S,-133.8,W,,,2000,"Location: N/A,N/A<br><10 kt<br>2000-09-19 22:12:38"
2000-08-25 01:12:25,138.5,3.1,14.5,N,-106.1,W,,,2000,"Location: N/A,N/A<br><10 kt<br>2000-08-25 01:12:25"
2000-08-13 03:00:32,6.5,0.21,36.7,N,-127.8,W,,,2000,"Location: N/A,N/A<br><10 kt<br>2000-08-13 03:00:32"
2000-08-01 16:48:27,18.2,0.51,-50.2,S,-101.9,W,,,2000,"Location: N/A,N/A<br><10 kt<br>2000-08-01 16:48:27"
2000-07-31 07:06:34,3.8,0.13,15.7,N,-138.5,W,,,2000,"Location: N/A,N/A<br><10 kt<br>2000-07-31 07:06:34"
2000-07-19 17:40:25,10.7,0.32,-17.7,S,94.1,E,,,2000,"Location: N/A,N/A<br><10 kt<br>2000-07-19 17:40:25"
2000-07-07 01:34:20,6.5,0.21,15.0,N,140.7,E,,,2000,"Location: N/A,N/A<br><10 kt<br>2000-07-07 01:34:20"
2000-06-27 10:06:51,2.7,95.0,34.9,N,36.8,E,,,2000,"Location: Alzaafaranah,SY<br>95.0 kt<br>2000-06-27 10:06:51"
2000-06-23 09:03:42,2.0,73.0,69.2,N,-44.0,W,,,2000,"Location: N/A,GL<br>73.0 kt<br>2000-06-23 09:03:42"
2000-06-22 20:02:11,3.0,0.1,32.9,N,159.0,E,,,2000,"Location: N/A,N/A<br><10 kt<br>2000-06-22 20:02:11"
2000-06-14 16:39:18,14.5,0.42,28.1,N,107.3,E,48.0,,2000,"Location: Zunyi Shi,CN<br><10 kt<br>2000-06-14 16:39:18"
2000-06-03 03:24:49,3.0,0.1,36.8,N,-74.8,W,,,2000,"Location: N/A,N/A<br><10 kt<br>2000-06-03 03:24:49"
2000-06-02 18:44:16,3.0,0.1,-27.5,S,-18.9,W,,,2000,"Location: N/A,N/A<br><10 kt<br>2000-06-02 18:44:16"
2000-05-06 11:51:52,2.8,98.0,49.9,N,18.4,E,,,2000,"Location: Dolní Lutyně,CZ<br>98.0 kt<br>2000-05-06 11:51:52"
2000-05-03 10:40:09,5.9,0.19,-5.0,S,73.0,E,,,2000,"Location: N/A,N/A<br><10 kt<br>2000-05-03 10:40:09"
2000-03-28 15:27:17,6.3,0.2,1.0,N,98.3,E,,,2000,"Location: N/A,ID<br><10 kt<br>2000-03-28 15:27:17"
2000-03-06 08:29:18,96.0,2.2,58.0,N,175.0,E,,,2000,"Location: N/A,N/A<br><10 kt<br>2000-03-06 08:29:18"
2000-02-18 09:25:59,362.0,7.3,-0.9,S,109.2,E,,,2000,"Location: N/A,ID<br><10 kt<br>2000-02-18 09:25:59"
2000-02-17 14:22:07,2.2,79.0,14.2,N,115.9,E,,,2000,"Location: N/A,N/A<br>79.0 kt<br>2000-02-17 14:22:07"
2000-01-18 16:43:42,105.0,2.4,60.3,N,-134.6,W,,,2000,"Location: Carcross,CA<br><10 kt<br>2000-01-18 16:43:42"
2000-01-18 08:33:58,3.5,0.12,24.3,N,-94.9,W,,,2000,"Location: N/A,N/A<br><10 kt<br>2000-01-18 08:33:58"
1999-12-16 00:07:22,6.7,0.21,-26.5,S,-11.3,W,,,1999,"Location: N/A,SH<br><10 kt<br>1999-12-16 00:07:22"
1999-11-15 20:01:28,7.4,0.23,-8.1,S,75.4,E,,,1999,"Location: N/A,N/A<br><10 kt<br>1999-11-15 20:01:28"
1999-11-07 17:53:06,8.9,0.27,-2.3,S,-77.4,W,,,1999,"Location: N/A,EC<br><10 kt<br>1999-11-07 17:53:06"
1999-10-26 17:19:42,8.6,0.27,13.7,N,-70.8,W,,,1999,"Location: N/A,N/A<br><10 kt<br>1999-10-26 17:19:42"
1999-09-08 23:55:35,2.8,98.0,22.4,N,0.2,E,,,1999,"Location: BBM,DZ<br>98.0 kt<br>1999-09-08 23:55:35"
1999-09-08 14:41:53,9.0,0.28,32.5,N,104.6,E,32.0,,1999,"Location: Mianyang Shi,CN<br><10 kt<br>1999-09-08 14:41:53"
1999-08-16 05:18:20,3.6,0.12,35.0,N,-107.2,W,,,1999,"Location: Laguna,US<br><10 kt<br>1999-08-16 05:18:20"
1999-08-03 18:25:49,35.6,0.93,-64.7,S,-18.8,W,,,1999,"Location: N/A,N/A<br><10 kt<br>1999-08-03 18:25:49"
1999-07-10 08:11:42,32.6,0.86,-37.8,S,39.6,E,52.0,,1999,"Location: N/A,N/A<br><10 kt<br>1999-07-10 08:11:42"
1999-07-07 04:14:41,14.0,0.41,-39.5,S,174.4,E,,,1999,"Location: Ararata,NZ<br><10 kt<br>1999-07-07 04:14:41"
1999-06-25 06:27:41,12.4,0.37,50.0,N,121.0,E,69.0,,1999,"Location: Hulun Buir,CN<br><10 kt<br>1999-06-25 06:27:41"
1999-05-23 07:02:10,2.6,92.0,-16.4,S,-116.3,W,,,1999,"Location: N/A,N/A<br>92.0 kt<br>1999-05-23 07:02:10"
1999-04-26 11:33:06,9.2,0.28,-22.5,S,6.5,E,,,1999,"Location: N/A,N/A<br><10 kt<br>1999-04-26 11:33:06"
1999-04-26 09:49:26,3.3,0.11,-32.8,S,159.1,E,,,1999,"Location: N/A,N/A<br><10 kt<br>1999-04-26 09:49:26"
1999-03-31 23:54:35,23.4,0.64,-17.9,S,22.6,E,,,1999,"Location: N/A,NA<br><10 kt<br>1999-03-31 23:54:35"
1999-03-28 15:37:01,30.4,0.81,0.8,N,97.6,E,,,1999,"Location: N/A,ID<br><10 kt<br>1999-03-28 15:37:01"
1999-03-02 22:23:25,5.9,0.19,18.9,N,50.5,E,,,1999,"Location: N/A,SA<br><10 kt<br>1999-03-02 22:23:25"
1999-02-18 23:15:25,15.4,0.44,-54.9,S,-64.6,W,,,1999,"Location: N/A,AR<br><10 kt<br>1999-02-18 23:15:25"
1999-02-01 14:24:09,2.8,98.0,80.0,N,154.2,E,,,1999,"Location: N/A,N/A<br>98.0 kt<br>1999-02-01 14:24:09"
1999-01-19 02:32:21,2.4,86.0,7.9,N,85.8,E,,,1999,"Location: N/A,N/A<br>86.0 kt<br>1999-01-19 02:32:21"
1999-01-14 08:06:05,506.0,9.8,-44.0,S,-129.7,W,32.0,,1999,"Location: N/A,N/A<br><10 kt<br>1999-01-14 08:06:05"
1999-01-02 18:25:51,3.5,0.12,47.0,N,103.0,E,65.0,,1999,"Location: N/A,MN<br><10 kt<br>1999-01-02 18:25:51"
1998-11-23 20:20:14,2.5,89.0,82.3,N,160.1,E,,,1998,"Location: N/A,N/A<br>89.0 kt<br>1998-11-23 20:20:14"
1998-11-11 16:46:18,65.6,1.6,6.5,N,156.4,E,,,1998,"Location: N/A,FM<br><10 kt<br>1998-11-11 16:46:18"
1998-09-01 11:15:04,2.4,86.0,34.6,N,23.6,E,,,1998,"Location: N/A,N/A<br>86.0 kt<br>1998-09-01 11:15:04"
1998-03-22 22:25:37,14.0,0.41,1.4,N,26.6,E,,,1998,"Location: N/A,CD<br><10 kt<br>1998-03-22 22:25:37"
1998-01-04 23:00:27,7.4,0.23,-35.1,S,33.4,E,30.0,17.1,1998,"Location: N/A,N/A<br><10 kt<br>1998-01-04 23:00:27"
1997-12-28 03:58:18,3.1,0.11,-23.1,S,152.4,E,,,1997,"Location: N/A,AU<br><10 kt<br>1997-12-28 03:58:18"
1997-12-09 08:15:55,27.0,0.73,62.7,N,-49.9,W,,,1997,"Location: N/A,GL<br><10 kt<br>1997-12-09 08:15:55"
1997-11-07 07:46:55,80.0,1.9,-57.3,S,167.2,E,,,1997,"Location: N/A,N/A<br><10 kt<br>1997-11-07 07:46:55"
1997-10-09 18:47:15,19.0,0.53,31.8,N,-106.0,W,37.0,,1997,"Location: El Paso,US<br><10 kt<br>1997-10-09 18:47:15"
1997-10-01 14:26:43,6.2,0.2,46.7,N,108.9,E,,,1997,"Location: N/A,MN<br><10 kt<br>1997-10-01 14:26:43"
1997-09-30 12:31:18,2.3,82.0,-38.1,S,63.9,E,,,1997,"Location: N/A,N/A<br>82.0 kt<br>1997-09-30 12:31:18"
1997-09-05 11:41:54,19.0,0.53,-31.1,S,56.4,E,,,1997,"Location: N/A,N/A<br><10 kt<br>1997-09-05 11:41:54"
1997-07-04 12:22:33,2.7,95.0,-15.8,S,-175.8,W,,,1997,"Location: N/A,TO<br>95.0 kt<br>1997-07-04 12:22:33"
1997-04-27 22:34:21,32.5,0.86,16.7,N,87.5,E,,,1997,"Location: N/A,N/A<br><10 kt<br>1997-04-27 22:34:21"
1997-02-19 04:31:35,14.0,0.41,-16.3,S,-87.7,W,,,1997,"Location: N/A,N/A<br><10 kt<br>1997-02-19 04:31:35"
1997-02-15 15:23:35,15.0,0.43,35.5,N,115.6,E,,,1997,"Location: Heze Shi,CN<br><10 kt<br>1997-02-15 15:23:35"
1997-01-23 10:03:27,27.0,0.73,-15.0,S,94.2,E,,,1997,"Location: N/A,N/A<br><10 kt<br>1997-01-23 10:03:27"
1997-01-22 21:13:16,48.0,1.2,32.2,N,29.0,E,,,1997,"Location: N/A,N/A<br><10 kt<br>1997-01-22 21:13:16"
1997-01-04 06:46:39,4.3,0.14,25.7,N,-5.3,W,,,1997,"Location: Tinduf,DZ<br><10 kt<br>1997-01-04 06:46:39"
1996-12-17 04:16:18,4.1,0.14,34.1,N,-37.2,W,,,1996,"Location: N/A,N/A<br><10 kt<br>1996-12-17 04:16:18"
1996-10-30 12:48:19,2.1,76.0,-2.1,S,-123.1,W,,,1996,"Location: N/A,N/A<br>76.0 kt<br>1996-10-30 12:48:19"
1996-10-28 04:46:21,4.3,0.14,27.4,N,-79.4,W,,,1996,"Location: N/A,N/A<br><10 kt<br>1996-10-28 04:46:21"
1996-10-23 08:28:06,4.4,0.15,-47.3,S,20.6,E,,,1996,"Location: N/A,N/A<br><10 kt<br>1996-10-23 08:28:06"
1996-10-19 19:01:08,13.0,0.38,29.7,N,-34.7,W,,,1996,"Location: N/A,N/A<br><10 kt<br>1996-10-19 19:01:08"
1996-10-05 19:21:02,25.0,0.68,-49.6,S,145.9,E,,,1996,"Location: N/A,N/A<br><10 kt<br>1996-10-05 19:21:02"
1996-07-17 03:16:07,5.0,0.16,31.8,N,111.4,E,,,1996,"Location: Xiangyang Shi,CN<br><10 kt<br>1996-07-17 03:16:07"
1996-07-12 14:04:45,3.2,0.11,20.7,N,-93.6,W,,,1996,"Location: N/A,N/A<br><10 kt<br>1996-07-12 14:04:45"
1996-03-30 04:03:32,12.0,0.36,-31.1,S,-84.3,W,,,1996,"Location: N/A,N/A<br><10 kt<br>1996-03-30 04:03:32"
1996-03-29 20:30:54,12.8,0.38,21.5,N,-158.1,W,,,1996,"Location: Waianae,US<br><10 kt<br>1996-03-29 20:30:54"
1996-02-15 02:38:05,5.0,0.16,76.0,N,-127.0,W,,,1996,"Location: N/A,N/A<br><10 kt<br>1996-02-15 02:38:05"
1996-01-15 13:44:23,26.0,0.71,-59.8,S,175.8,E,,,1996,"Location: N/A,N/A<br><10 kt<br>1996-01-15 13:44:23"
1995-12-22 13:26:29,45.0,1.1,-70.2,S,-73.3,W,,,1995,"Location: N/A,AQ<br><10 kt<br>1995-12-22 13:26:29"
1995-12-09 19:54:26,12.0,0.36,-2.9,S,-79.0,W,,,1995,"Location: Cuenca,EC<br><10 kt<br>1995-12-09 19:54:26"
1995-08-05 17:14:10,20.0,0.56,11.6,N,-104.3,W,,,1995,"Location: N/A,N/A<br><10 kt<br>1995-08-05 17:14:10"
1995-07-11 18:38:41,13.0,0.38,-28.5,S,93.3,E,,,1995,"Location: N/A,N/A<br><10 kt<br>1995-07-11 18:38:41"
1995-07-09 18:20:09,2.5,89.0,-0.9,S,66.3,E,,,1995,"Location: N/A,N/A<br>89.0 kt<br>1995-07-09 18:20:09"
1995-07-07 17:33:37,14.0,0.41,40.2,N,-76.1,W,,,1995,"Location: Stevens,US<br><10 kt<br>1995-07-07 17:33:37"
1995-02-16 13:05:47,6.0,0.19,16.7,N,-141.7,W,,,1995,"Location: N/A,N/A<br><10 kt<br>1995-02-16 13:05:47"
1995-01-18 10:17:26,7.0,0.22,51.5,N,115.4,E,,,1995,"Location: N/A,RU<br><10 kt<br>1995-01-18 10:17:26"
1994-12-16 09:41:03,5.0,0.16,-42.2,S,27.6,E,,,1994,"Location: N/A,N/A<br><10 kt<br>1994-12-16 09:41:03"
1994-11-03 20:01:36,235.0,5.0,6.5,N,89.0,E,,,1994,"Location: N/A,N/A<br><10 kt<br>1994-11-03 20:01:36"
1994-11-01 06:50:46,100.0,2.3,-1.5,S,-84.5,W,,,1994,"Location: N/A,N/A<br><10 kt<br>1994-11-01 06:50:46"
1994-10-20 00:11:21,8.7,0.27,-45.2,S,-1.9,W,,,1994,"Location: N/A,N/A<br><10 kt<br>1994-10-20 00:11:21"
1994-06-15 00:02:26,4.1,0.14,45.0,N,-73.5,W,,,1994,"Location: Champlain,US<br><10 kt<br>1994-06-15 00:02:26"
1994-05-29 09:30:58,38.4,1.0,52.8,N,2.3,E,,,1994,"Location: N/A,N/A<br><10 kt<br>1994-05-29 09:30:58"
1994-02-01 22:38:09,1820.0,30.0,2.7,N,164.1,E,,,1994,"Location: N/A,N/A<br>30.0 kt<br>1994-02-01 22:38:09"
1993-11-29 17:48:41,2.6,92.0,26.5,N,78.3,E,,,1993,"Location: Sherpur,IN<br>92.0 kt<br>1993-11-29 17:48:41"
1993-10-31 03:39:27,4.0,0.13,51.3,N,-100.9,W,,,1993,"Location: Shortdale,CA<br><10 kt<br>1993-10-31 03:39:27"
1991-10-04 09:22:47,55.0,1.4,78.7,N,6.3,E,,,1991,"Location: N/A,N/A<br><10 kt<br>1991-10-04 09:22:47"
1990-10-01 03:51:47,250.0,5.2,7.5,N,142.8,E,,,1990,"Location: N/A,FM<br><10 kt<br>1990-10-01 03:51:47"
1988-04-15 03:03:10,758.0,14.0,-4.1,S,124.3,E,,,1988,"Location: N/A,ID<br>14.0 kt<br>1988-04-15 03:03:10"
